stock_code,stock_name,stock_class,gap_per,gap_hour,gap_int,stck_oprc,stck_hgpr,stck_lwpr_D_10,stck_lwpr_D_9,stck_lwpr_D_8,stck_lwpr_D_7,stck_lwpr_D_6,stck_lwpr_D_5,stck_lwpr_D_4,stck_lwpr_D_3,stck_lwpr_D_2,stck_lwpr_D_1,stck_lwpr_D_0,acml_vol_D_10,acml_vol_D_9,acml_vol_D_8,acml_vol_D_7,acml_vol_D_6,acml_vol_D_5,acml_vol_D_4,acml_vol_D_3,acml_vol_D_2,acml_vol_D_1,acml_vol_D_0,gap_change,mean_vlome,today_vlome,volume_change,slope,day_change,deter_change,day_change_per
000480,조선내화,kospi,4.44,090014,4.44,87000.0,89300.0,83100.0,83100.0,82600.0,82700.0,82700.0,82800.0,82100.0,82200.0,82700.0,82500.0,84600.0,4291.0,1758.0,1778.0,780.0,676.0,541.0,606.0,173.0,873.0,2795.0,18736.0,4.44,898.125,18736,19.86123869171886,5.280875948689826e-05,2300.0,1,0.026436781609195492
001570,금양,kospi,5.12,090030,5.12,75500.0,77900.0,44400.0,46100.0,45150.0,47700.0,47400.0,46650.0,45100.0,49150.0,60200.0,61100.0,69800.0,6679726.0,3341832.0,2518348.0,4216786.0,2904851.0,2491866.0,2346280.0,15701440.0,5655617.0,14169172.0,5575949.0,5.12,3358345.111111111,5575949,0.660326385621278,7.567952852099721e-06,2400.0,1,0.03178807947019857
001820,삼화콘덴서,kospi,2.59,090018,2.59,47550.0,49300.0,45800.0,46350.0,46850.0,46100.0,45100.0,46550.0,46500.0,46600.0,45700.0,46100.0,47400.0,127561.0,95016.0,108251.0,66693.0,72154.0,75456.0,97057.0,80612.0,83179.0,51776.0,179026.0,2.59,85337.9,179026,1.0978486698172794,9.935359559334946e-05,1750.0,1,0.03680336487907465
002070,비비안,kospi,3.92,090030,3.92,1271.0,1280.0,1255.0,1213.0,1200.0,1211.0,1228.0,1268.0,1269.0,1246.0,1226.0,1221.0,1243.0,119793.0,157941.0,137365.0,77098.0,141521.0,81776.0,66685.0,41656.0,71077.0,80716.0,125792.0,3.92,89615.5,125792,0.4036857463273653,0.003938493392879344,9.0,1,0.007081038552321006
002710,TCC스틸,kospi,2.64,090026,2.64,23500.0,23550.0,15600.0,15800.0,15650.0,16350.0,18060.0,17240.0,17090.0,18300.0,18890.0,19760.0,20550.0,7077552.0,1350955.0,1145748.0,4664851.0,1460397.0,1351410.0,900867.0,1900031.0,923500.0,6313005.0,3249132.0,2.64,1131682.25,3249132,1.871063852066249,0.00011258918915767608,50.0,1,0.0021276595744681437
00279K,아모레G3우(전환),kospi,2.38,090030,2.38,28000.0,28000.0,28100.0,27400.0,26450.0,26200.0,26150.0,26450.0,26450.0,26100.0,26700.0,26600.0,26850.0,1236.0,5380.0,5713.0,7523.0,1921.0,3976.0,2434.0,6044.0,4349.0,3437.0,2534.0,2.38,4286.222222222223,2534,-0.40880340107839075,0.00015940735089736994,0.0,0,0.0
003075,코오롱글로벌우,kospi,2.98,090016,2.98,24200.0,24200.0,25500.0,24500.0,24050.0,24350.0,23600.0,24050.0,23700.0,24000.0,24100.0,23500.0,23600.0,4449.0,5032.0,3364.0,2399.0,2562.0,1426.0,1154.0,1357.0,1191.0,3112.0,2256.0,2.98,2548.222222222222,2256,-0.11467689892735677,0.0001933052966892727,0.0,0,0.0
004100,태양금속,kospi,2.16,090029,2.16,1627.0,1708.0,1702.0,1672.0,1570.0,1639.0,1680.0,1703.0,1685.0,1680.0,1656.0,1605.0,1627.0,647410.0,296728.0,409259.0,433724.0,160898.0,174728.0,247867.0,196833.0,189343.0,248357.0,223728.0,2.16,275841.7,223728,-0.18892611233181933,0.00304280447937482,81.0,1,0.0497848801475107
004105,태양금속우,kospi,3.29,090003,3.29,3300.0,3355.0,3515.0,3300.0,3100.0,3150.0,3155.0,3275.0,3295.0,3350.0,3240.0,3165.0,3230.0,47453.0,83046.0,88599.0,38557.0,30693.0,27782.0,83062.0,27195.0,27565.0,27116.0,29986.0,3.29,45718.2,29986,-0.3441124103748616,0.0013939770170575644,55.0,1,0.016666666666666607
005320,국동,kospi,4.25,090030,4.25,1249.0,1338.0,1582.0,1536.0,1522.0,1502.0,1436.0,1435.0,1414.0,1390.0,1336.0,1236.0,1249.0,216148.0,370009.0,434743.0,650504.0,754867.0,751333.0,411593.0,572902.0,524178.0,1796004.0,788427.0,4.25,468752.6,788427,0.6819682706826586,0.0036327158947369893,89.0,1,0.07125700560448367
006980,우성,kospi,3.15,090021,3.15,22950.0,22950.0,23250.0,23100.0,22500.0,22500.0,22200.0,22000.0,22450.0,22450.0,22000.0,22050.0,21950.0,6892.0,9609.0,7794.0,3381.0,4760.0,3065.0,4092.0,3231.0,5447.0,2532.0,2324.0,3.15,5363.444444444444,2324,-0.5666963601334134,0.00020373802005487876,0.0,0,0.0
007660,이수페타시스,kospi,2.41,090026,2.41,9400.0,9820.0,8600.0,8250.0,8000.0,8040.0,7860.0,8890.0,8800.0,8730.0,8710.0,8770.0,9150.0,4634393.0,3100297.0,3611637.0,2703178.0,5408356.0,10016640.0,2786316.0,3871138.0,2764528.0,6439720.0,11202175.0,2.41,3209888.111111111,11202175,2.4898957883371016,0.0004526318118682767,420.0,1,0.044680851063829685
010120,LS ELECTRIC,kospi,2.54,090004,2.54,56500.0,57100.0,49700.0,49250.0,51600.0,52600.0,54300.0,54500.0,55500.0,55100.0,55000.0,55000.0,55500.0,101072.0,111058.0,704352.0,542417.0,178212.0,163553.0,164028.0,122210.0,100142.0,121399.0,136188.0,2.54,124471.875,136188,0.09412668524516077,9.154487201707155e-05,600.0,1,0.010619469026548645
010780,아이에스동서,kospi,2.05,090014,2.05,42250.0,44500.0,42600.0,40350.0,40500.0,41200.0,40300.0,39950.0,40200.0,41100.0,41000.0,40250.0,41700.0,385014.0,421074.0,432975.0,357998.0,294932.0,331627.0,202705.0,279368.0,284421.0,346215.0,660711.0,2.05,303181.4,660711,1.179259677539585,0.00010312197626749311,2250.0,1,0.053254437869822535
011500,한농화성,kospi,2.52,090027,2.52,22450.0,22700.0,15210.0,15340.0,15450.0,16120.0,16210.0,15720.0,15410.0,16600.0,20150.0,20350.0,20650.0,1495855.0,6043072.0,1356796.0,4170583.0,2176483.0,976250.0,2048566.0,16112165.0,3744094.0,14080821.0,2045482.0,2.52,2448038.777777778,2045482,-0.16444052334138326,9.073696690103499e-05,250.0,1,0.011135857461024523
013570,디와이,kospi,3.28,090026,3.28,6900.0,6980.0,6390.0,6170.0,5870.0,6000.0,5820.0,6130.0,6150.0,6150.0,6110.0,6050.0,6530.0,701452.0,468496.0,426781.0,240189.0,252639.0,663290.0,231861.0,197207.0,296908.0,1250745.0,1010227.0,3.28,348535.3,1010227,1.898492634748905,0.0005809791570609449,80.0,1,0.011594202898550732
014580,태경비케이,kospi,7.99,090030,7.99,9720.0,9800.0,6530.0,6380.0,6310.0,6520.0,6880.0,6690.0,6540.0,6750.0,6840.0,6720.0,8980.0,1470442.0,1308488.0,1133494.0,1293511.0,924345.0,1240624.0,432148.0,912596.0,734730.0,10230324.0,7527888.0,7.99,945935.8,7527888,6.958138385289995,0.00017979076964425874,80.0,1,0.008230452674897082
018470,조일알미늄,kospi,2.86,090028,2.86,3235.0,3340.0,2110.0,2110.0,2025.0,2055.0,2185.0,2130.0,2140.0,2245.0,2445.0,3000.0,3010.0,2649115.0,1664465.0,1967912.0,25966740.0,10934821.0,3636327.0,7489584.0,27397086.0,133108400.0,110840736.0,33592008.0,2.86,9078784.444444444,33592008,2.7000556853793203,0.0003785629524686612,105.0,1,0.032457496136012454
021820,세원정공,kospi,2.32,090021,2.32,7060.0,7060.0,7060.0,6950.0,6800.0,6750.0,6750.0,7000.0,6940.0,6950.0,6950.0,6900.0,6830.0,14454.0,13154.0,20937.0,13779.0,8623.0,207698.0,22036.0,8607.0,12449.0,4564.0,3127.0,2.32,13429.888888888889,3127,-0.7671611414010209,0.0006852916256792009,0.0,0,0.0
025620,제이준코스메틱,kospi,3.06,090012,3.06,7350.0,7800.0,7350.0,7090.0,6910.0,7100.0,6880.0,7040.0,7500.0,7560.0,7250.0,7130.0,7300.0,27480.0,29678.0,14735.0,19182.0,11228.0,20735.0,31826.0,12284.0,15258.0,13819.0,28055.0,3.06,18970.6,28055,0.4788672999272561,0.000627106072364972,450.0,1,0.061224489795918435
042700,한미반도체,kospi,2.75,090026,2.75,16850.0,20600.0,15040.0,14840.0,14230.0,14170.0,14240.0,15200.0,15720.0,15720.0,15730.0,15800.0,16760.0,952715.0,560534.0,810923.0,707102.0,852690.0,1988525.0,849219.0,497499.0,792471.0,1179731.0,28544472.0,2.75,671101.4444444445,28544472,41.53376629762713,0.00018689176332917652,3750.0,1,0.2225519287833828
070960,용평리조트,kospi,3.04,090029,3.04,3220.0,3220.0,3270.0,3155.0,3145.0,3175.0,3015.0,3175.0,3150.0,3095.0,3085.0,3085.0,3115.0,44730.0,65174.0,59980.0,34922.0,42443.0,26147.0,54322.0,47597.0,36371.0,23557.0,20888.0,3.04,41480.1,20888,-0.4964332294280872,0.0014722058453897255,0.0,0,0.0
074610,이엔플러스,kospi,3.91,090028,3.91,6990.0,7000.0,4230.0,4655.0,5500.0,5650.0,5390.0,5320.0,5720.0,6090.0,6250.0,6420.0,6550.0,3172697.0,30403908.0,25791780.0,12017027.0,7180382.0,8349434.0,25822774.0,15576530.0,31736424.0,19916720.0,7128967.0,3.91,16005750.6,7128967,-0.5545996449551076,0.0005249952296391766,10.0,1,0.0014306151645206988
082740,HSD엔진,kospi,2.41,090023,2.41,7210.0,7210.0,7260.0,7130.0,6910.0,7070.0,6830.0,6820.0,6780.0,6860.0,7160.0,6960.0,7000.0,302531.0,394579.0,674134.0,376478.0,661796.0,391736.0,479307.0,480724.0,393398.0,419556.0,226624.0,2.41,353219.125,226624,-0.3584039369329166,0.0006221253923574068,0.0,0,0.0
083420,그린케미칼,kospi,2.14,090015,2.14,11360.0,11500.0,9630.0,9700.0,9640.0,9970.0,9830.0,10050.0,9990.0,10560.0,10620.0,10820.0,10900.0,363097.0,353045.0,240531.0,320351.0,1175761.0,380189.0,1692610.0,4697765.0,2363067.0,1730519.0,675792.0,2.14,766616.7777777778,675792,-0.11847481089711487,0.00037601504824443313,140.0,1,0.012323943661971759
093230,이아이디,kospi,7.23,090028,7.23,1156.0,1245.0,991.0,1123.0,1084.0,1054.0,1055.0,1131.0,1050.0,1052.0,1088.0,1101.0,1139.0,14281165.0,10581971.0,3377478.0,2813712.0,3319956.0,1663005.0,18438588.0,6526439.0,15784009.0,13960849.0,8671046.0,7.23,7678746.2,8671046,0.12922680007316822,0.00376537800921038,89.0,1,0.07698961937716264
108320,LX세미콘,kospi,2.10,090027,2.1,97200.0,101100.0,90700.0,89700.0,87600.0,89000.0,88200.0,93000.0,91500.0,89000.0,88000.0,89700.0,96300.0,111136.0,78273.0,137630.0,83918.0,128090.0,208158.0,115802.0,210616.0,136997.0,298257.0,535015.0,2.1,111018.25,535015,3.8191626151556166,4.6436668684832366e-05,3900.0,1,0.04012345679012341
272450,진에어,kospi,2.68,090011,2.68,16500.0,16640.0,16040.0,15730.0,15670.0,15350.0,14950.0,15060.0,15520.0,15760.0,15500.0,15550.0,15970.0,125556.0,157734.0,62642.0,116430.0,189422.0,181836.0,73202.0,77011.0,103938.0,295227.0,190129.0,2.68,110374.1,190129,0.7225870924428828,0.0002643964826484304,140.0,1,0.00848484848484854
295000,KBSTAR 국채선물10년,kospi,4.08,090030,4.08,53895.0,53895.0,50120.0,50700.0,51390.0,51080.0,51255.0,51050.0,51260.0,51465.0,51505.0,51620.0,51775.0,1111.0,1730.0,2189.0,304.0,780.0,528.0,239.0,243.0,140077.0,135.0,299.0,4.08,890.5,299,-0.6642335766423357,8.947121903328013e-05,0.0,0,0.0
305540,TIGER 2차전지테마,kospi,2.26,090028,2.26,27095.0,27240.0,23635.0,23850.0,23905.0,24805.0,25070.0,24525.0,23460.0,24630.0,25350.0,25640.0,25705.0,2066704.0,2446194.0,2912163.0,3768443.0,4853460.0,3738894.0,2186571.0,1863926.0,4560343.0,6864448.0,2495741.0,2.26,2842240.3,2495741,-0.12191062803521568,0.00016257803692691628,145.0,1,0.005351540874700023
308170,센트랄모텍,kospi,2.58,090029,2.58,16310.0,16310.0,15290.0,15040.0,14300.0,14440.0,14400.0,14880.0,15000.0,15210.0,15300.0,15510.0,15750.0,51715.0,47886.0,78659.0,52159.0,28697.0,28979.0,21051.0,21288.0,58164.0,207178.0,60972.0,2.58,40434.8,60972,0.5079090288563315,0.00026704271657897985,0.0,0,0.0
338100,NH프라임리츠,kospi,2.54,090030,2.54,4240.0,4240.0,4320.0,4160.0,4175.0,4195.0,4150.0,4190.0,4130.0,4135.0,4120.0,4110.0,4100.0,1887.0,23708.0,9178.0,8207.0,10236.0,10870.0,16177.0,18073.0,25619.0,16234.0,8288.0,2.54,12805.5,8288,-0.352778103158799,0.00113280006428953,0.0,0,0.0
375270,KBSTAR 글로벌데이터센터리츠나스닥(합성),kospi,2.57,090011,2.57,9795.0,9795.0,10010.0,9900.0,9890.0,9960.0,10030.0,10040.0,9940.0,9925.0,9920.0,9455.0,9515.0,192.0,482.0,1079.0,332.0,455.0,1756.0,167.0,244.0,485.0,3485.0,1121.0,2.57,576.8888888888889,1121,0.9431818181818181,0.0005192671447741593,0.0,0,0.0
399580,KBSTAR 글로벌클린에너지S&P,kospi,2.05,090030,2.05,9215.0,9240.0,9635.0,9500.0,9420.0,9450.0,9370.0,9240.0,9000.0,9100.0,9225.0,9025.0,9145.0,3018.0,10272.0,17500.0,2832.0,4261.0,4247.0,2906.0,3290.0,1098.0,12173.0,2496.0,2.05,4563.222222222223,2496,-0.4530180915045412,0.0005151819640075925,25.0,1,0.0027129679869777323
400570,KODEX 유럽탄소배출권선물ICE(H),kospi,2.95,090026,2.95,14115.0,14170.0,15000.0,15105.0,14505.0,14125.0,13610.0,13385.0,13455.0,13385.0,13715.0,13660.0,14105.0,51554.0,40801.0,32467.0,41287.0,124273.0,65306.0,38547.0,25967.0,33400.0,29644.0,30985.0,2.95,38159.333333333336,30985,-0.18800992330404098,0.0002994060917362652,55.0,1,0.0038965639390720064
400580,SOL 유럽탄소배출권선물S&P(H),kospi,3.49,090030,3.49,14075.0,14095.0,14910.0,15055.0,14500.0,14110.0,13545.0,13375.0,13410.0,13310.0,13675.0,13590.0,13985.0,4020.0,7223.0,2053.0,4970.0,8114.0,7805.0,6218.0,6747.0,6317.0,4993.0,3344.0,3.49,5940.777777777777,3344,-0.43711074120485527,0.00030173265092441537,20.0,1,0.001420959147424572
404650,SOL KRX기후변화솔루션,kospi,2.08,090014,2.08,11270.0,11270.0,10430.0,10445.0,10435.0,10655.0,10750.0,10620.0,10480.0,10650.0,10780.0,10905.0,10935.0,860.0,157.0,469.0,608.0,1167.0,1346.0,37.0,116.0,980.0,1483.0,2853.0,2.08,637.7777777777778,2853,3.4733449477351916,0.0004220492127228743,0.0,0,0.0
415760,SOL 차이나육성산업액티브(합성),kospi,2.15,090005,2.15,7835.0,7835.0,7365.0,7290.0,7425.0,7500.0,7170.0,7220.0,7520.0,7525.0,7610.0,7530.0,7715.0,50069.0,174248.0,179356.0,163597.0,169241.0,203862.0,202568.0,133265.0,121498.0,131506.0,7087.0,2.15,140541.9,7087,-0.9495737570076966,0.000599060933035325,0.0,0,0.0
423920,TIGER 미국필라델피아반도체레버리지(합성),kospi,3.27,090007,3.27,9940.0,10040.0,9260.0,9050.0,8720.0,9200.0,9180.0,9710.0,9760.0,9835.0,9940.0,9520.0,9900.0,156747.0,189133.0,181295.0,130136.0,114216.0,162909.0,145495.0,179237.0,256457.0,280829.0,128092.0,3.27,141007.55555555556,128092,-0.09159477663923454,0.000498897999205586,100.0,1,0.010060362173038184
446700,KBSTAR 배터리 리사이클링iSelect,kospi,2.49,090019,2.49,14010.0,14010.0,12400.0,12380.0,12455.0,12915.0,12935.0,12695.0,12235.0,12870.0,13310.0,13450.0,13355.0,156285.0,140480.0,113849.0,225399.0,264755.0,169727.0,184217.0,84543.0,132363.0,278130.0,124385.0,2.49,148497.3,124385,-0.16237534285135147,0.00031698873465144665,0.0,0,0.0
447660,ARIRANG Apple채권혼합Fn,kospi,2.95,090030,2.95,10635.0,10635.0,9970.0,9975.0,9970.0,10030.0,10045.0,10080.0,10210.0,10270.0,10320.0,10305.0,10330.0,16627.0,6707.0,3712.0,4191.0,15063.0,33256.0,1851.0,3998.0,4775.0,6468.0,16672.0,2.95,7472.666666666667,16672,1.2310643233116245,0.0004548160021757624,0.0,0,0.0
950210,프레스티지바이오파마,kospi,2.01,090005,2.01,11190.0,11600.0,10720.0,10250.0,9970.0,10060.0,9950.0,11300.0,11200.0,11210.0,11010.0,10970.0,10830.0,115618.0,65866.0,99418.0,33245.0,2683421.0,512738.0,1063377.0,184612.0,159721.0,130353.0,278571.0,2.01,147756.0,278571,0.8853447575732964,0.00042846657254894913,410.0,1,0.036639857015192234
J0110821B,형지I&C 6WR,kospi,5.63,090022,5.63,75.0,75.0,73.0,70.0,69.0,68.0,69.0,69.0,70.0,68.0,69.0,66.0,69.0,12596.0,72938.0,104146.0,69625.0,22549.0,55364.0,85244.0,51609.0,4757.0,34424.0,21408.0,5.63,47889.7,21408,-0.5529727686746837,0.06312473337595505,0.0,0,0.0
J01957229,리더스 기술투자 9WR,kospi,3.28,090030,3.28,126.0,126.0,128.0,127.0,118.0,125.0,120.0,125.0,124.0,120.0,120.0,118.0,116.0,177756.0,36154.0,82263.0,19099.0,23501.0,19017.0,37864.0,269716.0,231875.0,46208.0,55738.0,3.28,89736.1,55738,-0.37886759063520703,0.038851879837968284,0.0,0,0.0
J0234421A,제이스코홀딩스 2WR,kospi,6.06,090029,6.06,875.0,875.0,656.0,602.0,602.0,582.0,459.0,504.0,533.0,587.0,599.0,750.0,665.0,10386.0,5060.0,1597.0,23713.0,699.0,8243.0,2387.0,36401.0,93090.0,6977.0,6009.0,6.06,9905.666666666666,6009,-0.39337752801426784,-0.00014720463663699243,0.0,0,0.0
J0676321C,에이치엘비생명과학 9WR,kospi,2.20,090029,2.2,4645.0,4645.0,4300.0,4420.0,4370.0,4355.0,4310.0,4300.0,4405.0,4545.0,4590.0,4545.0,4395.0,1516.0,2134.0,1418.0,1522.0,2003.0,5724.0,4152.0,16814.0,9136.0,8519.0,3736.0,2.2,3555.5555555555557,3736,0.05075000000000007,0.0010077644433313256,0.0,0,0.0
J1806421A,한진칼 3WR,kospi,7.43,090013,7.43,737.0,737.0,1150.0,1006.0,1267.0,1206.0,1001.0,980.0,985.0,855.0,850.0,686.0,650.0,43151.0,73024.0,41227.0,72207.0,55852.0,43462.0,18875.0,30094.0,17355.0,121248.0,46607.0,7.43,39589.7,46607,0.17725064852726846,0.005211428887631984,0.0,0,0.0
Q500057,신한 인버스 2X Russell 2000 ETN,kospi,2.56,090018,2.56,8620.0,8715.0,8030.0,7985.0,8490.0,8190.0,8490.0,8325.0,8490.0,8490.0,8245.0,8405.0,8620.0,1637.0,4119.0,5458.0,2336.0,15416.0,7863.0,11780.0,2774.0,2362.0,1227.0,1076.0,2.56,6236.5,1076,-0.8274673294315722,0.0005837055844650099,95.0,1,0.011020881670533722
Q500066,신한 블룸버그 인버스 2X WTI원유 선물 ETN,kospi,2.52,090023,2.52,24390.0,24800.0,21580.0,20515.0,21725.0,22960.0,25435.0,24915.0,26260.0,26050.0,24845.0,23760.0,24205.0,149022.0,195394.0,113143.0,73275.0,481665.0,124139.0,381678.0,303541.0,52699.0,6265.0,11833.0,2.52,189876.1,11833,-0.9376804137013558,0.00023279777790187578,410.0,1,0.01681016810168101
Q500074,신한 블룸버그 -2X 천연가스 선물 ETN(H),kospi,7.89,090022,7.89,69420.0,69420.0,55355.0,57200.0,50605.0,52100.0,54470.0,54400.0,60050.0,65930.0,60395.0,64055.0,67950.0,4675.0,2762.0,2011.0,2472.0,4564.0,1341.0,3969.0,3085.0,3332.0,2930.0,3157.0,7.89,3134.5555555555557,3157,0.007160327531813726,5.0221811968759955e-05,0.0,0,0.0
Q510019,대신 인버스 천연가스 선물 ETN(H),kospi,2.04,090015,2.04,7010.0,7225.0,6295.0,6405.0,6040.0,6155.0,6230.0,6310.0,6630.0,6945.0,6680.0,6870.0,7010.0,16940.0,12844.0,3976.0,3503.0,6419.0,4658.0,25884.0,6164.0,5214.0,785.0,6148.0,2.04,7414.222222222223,6148,-0.17078287975062945,0.0006276068488459811,215.0,1,0.030670470756062773
Q510020,대신 2X 알루미늄 선물 ETN(H),kospi,2.40,090021,2.4,8095.0,8225.0,7955.0,7900.0,7930.0,8155.0,7770.0,7775.0,7605.0,7695.0,7640.0,7750.0,8030.0,1185.0,1041.0,550.0,863.0,3766.0,909.0,988.0,251.0,1323.0,343.0,1156.0,2.4,888.75,1156,0.30070323488045014,0.0005666525233995444,130.0,1,0.016059295861643008
Q510025,대신 S&P500 VIX S/T 선물 ETN,kospi,2.79,090024,2.79,12355.0,13000.0,11615.0,12215.0,12940.0,12490.0,13050.0,12590.0,13305.0,13135.0,12205.0,12020.0,12355.0,14776.0,14623.0,8871.0,6866.0,14043.0,9166.0,5015.0,3737.0,5000.0,2477.0,3174.0,2.79,9445.2,3174,-0.663956295261085,0.00042976614410356295,645.0,1,0.05220558478348836
Q520062,미래에셋 인도네시아 금속&에너지 Top5 ETN,kospi,5.05,090030,5.05,9150.0,9150.0,9150.0,9110.0,8965.0,8830.0,8630.0,8595.0,8825.0,8850.0,8895.0,8695.0,8770.0,404.0,129.0,854.0,30402.0,518.0,74.0,378.0,325.0,61.0,264.0,71.0,5.05,342.875,71,-0.7929274516952243,0.0004974766611353717,0.0,0,0.0
Q530102,삼성 인버스 2X 천연가스 선물 ETN C,kospi,8.37,090029,8.37,67160.0,67600.0,55405.0,55820.0,49605.0,51140.0,53015.0,53630.0,59100.0,64700.0,59890.0,61865.0,66000.0,92308.0,50389.0,84136.0,50859.0,160850.0,48300.0,66564.0,47238.0,71593.0,45728.0,46278.0,8.37,64154.11111111111,46278,-0.27864326699423436,5.298352753869308e-05,440.0,1,0.00655151876116733
Q530067,삼성 KRX 금현물 ETN,kospi,3.00,090030,3.0,14615.0,14615.0,13500.0,13695.0,13870.0,13835.0,14025.0,14015.0,14310.0,14430.0,14185.0,14190.0,14335.0,953.0,2042.0,1607.0,883.0,56.0,837.0,634.0,2856.0,2891.0,448.0,1018.0,3.0,1417.6666666666667,1018,-0.28191864566188574,0.0003432165007646414,0.0,0,0.0
Q550068,QV 코스닥 150 ETN,kospi,3.09,090019,3.09,12680.0,12680.0,11960.0,11830.0,12060.0,11890.0,12020.0,12155.0,12010.0,12315.0,12375.0,12300.0,12610.0,114.0,612.0,2.0,66.0,2.0,18.0,2.0,2.0,2.0,2.0,2.0,3.09,26.0,2,-0.9230769230769231,0.0003788293714001588,0.0,0,0.0
Q570046,TRUE 인버스 2X 천연가스 선물 ETN(H),kospi,8.90,090008,8.9,1530.0,1530.0,1205.0,1250.0,1105.0,1145.0,1170.0,1195.0,1320.0,1445.0,1330.0,1400.0,1485.0,1987839.0,2069992.0,1322558.0,908684.0,1703682.0,385433.0,2062763.0,527412.0,858068.0,422929.0,1761375.0,8.9,1182791.6,1761375,0.48916766064283834,0.0022386291661288427,0.0,0,0.0
Q570068,TRUE 코스닥 150 ETN,kospi,2.79,090009,2.79,8460.0,8460.0,7970.0,7895.0,8050.0,7975.0,8045.0,8120.0,8015.0,8230.0,8270.0,8230.0,8440.0,46519.0,2.0,2.0,2.0,2.0,2.0,2.0,2.0,3.0,2.0,2.0,2.79,2.125,2,-0.05882352941176472,0.0005699554439271971,0.0,0,0.0
Q570070,TRUE 인버스 2X 플래티넘 선물 ETN,kospi,2.21,090014,2.21,15990.0,16065.0,18080.0,16910.0,15750.0,15985.0,16950.0,16185.0,16525.0,16080.0,16525.0,15645.0,15925.0,1494.0,1800.0,3502.0,1704.0,1890.0,2197.0,5629.0,772.0,91.0,1048.0,107.0,2.21,1681.25,107,-0.9363568773234201,0.00029527549452050095,75.0,1,0.004690431519699834
Q570079,TRUE 블룸버그 인버스 2X WTI원유 선물 ETN,kospi,2.58,090010,2.58,24450.0,24805.0,21625.0,20505.0,21735.0,23005.0,25485.0,25025.0,26305.0,26005.0,24875.0,23835.0,24260.0,149737.0,320491.0,148784.0,30563.0,281182.0,37255.0,196671.0,140412.0,42360.0,2470.0,47007.0,2.58,137171.5,47007,-0.6573121967755693,0.0002327316741060703,355.0,1,0.01451942740286305
Q570084,TRUE 블룸버그 인버스 2X 천연가스선물 ETN,kospi,8.58,090008,8.58,62595.0,62595.0,51240.0,51590.0,46165.0,47440.0,49510.0,49505.0,54730.0,60240.0,55540.0,57650.0,60965.0,5740.0,13028.0,4351.0,5930.0,37410.0,11049.0,1445.0,696.0,11207.0,3905.0,17482.0,8.58,6680.75,17482,1.6167720690042287,5.6814518645037604e-05,0.0,0,0.0
Q580021,KB 인버스 천연가스 선물 ETN,kospi,4.56,090014,4.56,11570.0,11645.0,10500.0,10445.0,9875.0,10040.0,10305.0,10305.0,10810.0,11295.0,10935.0,11065.0,11455.0,12875.0,13661.0,19705.0,2047.0,49997.0,6121.0,9004.0,15223.0,4231.0,3138.0,5764.0,4.56,10480.222222222223,5764,-0.450011662178495,0.0003820554952964361,75.0,1,0.006482281763180664
Q580037,KB S&P 인버스 2X WTI원유 선물 ETN,kospi,2.10,090000,2.1,24320.0,24800.0,21620.0,20410.0,21680.0,22410.0,25000.0,24930.0,26250.0,26000.0,24845.0,23800.0,24180.0,29911.0,27396.0,25150.0,16605.0,19877.0,3774.0,4888.0,17107.0,1086.0,3431.0,2238.0,2.1,16997.4,2238,-0.8683328038405874,0.00023198198343297636,480.0,1,0.019736842105263053
Q610044,메리츠 인버스 천연가스 선물 ETN(H),kospi,4.41,090002,4.41,22390.0,22405.0,19685.0,20005.0,18835.0,19130.0,19515.0,19670.0,20710.0,21740.0,20865.0,21445.0,22075.0,1979.0,20058.0,17222.0,16532.0,48788.0,25090.0,9880.0,4849.0,53958.0,9513.0,14916.0,4.41,14710.625,14916,0.013960997578281065,0.00019573947740437572,15.0,1,0.0006699419383653371
002290,삼일기업공사,kospi,3.40,090026,3.4,3500.0,3500.0,3385.0,3250.0,3285.0,3290.0,3250.0,3305.0,3355.0,3365.0,3370.0,3320.0,3315.0,57067.0,93883.0,68063.0,40059.0,34773.0,40931.0,26333.0,20137.0,33156.0,47792.0,50188.0,3.4,35981.555555555555,50188,0.39482574405405235,0.00134669683175486,0.0,0,0.0
005160,동국산업,kospi,2.43,090016,2.43,5910.0,6130.0,4755.0,5180.0,5230.0,5430.0,5920.0,5670.0,5480.0,5690.0,5700.0,5510.0,5700.0,4339049.0,16820012.0,2418613.0,11513149.0,6711611.0,2969179.0,2398227.0,2116487.0,4367782.0,5603264.0,3387828.0,2.43,4093310.777777778,3387828,-0.17235016251582502,0.0008407599955405069,220.0,1,0.0372250423011844
006920,모헨즈,kospi,2.14,090030,2.14,3820.0,3820.0,3870.0,3695.0,3605.0,3620.0,3640.0,3670.0,3830.0,3805.0,3810.0,3665.0,3715.0,59052.0,72908.0,59954.0,32774.0,25411.0,27750.0,30891.0,37861.0,22836.0,53692.0,52854.0,2.14,37315.2,52854,0.4164201183431955,0.00125700745808199,0.0,0,0.0
009520,포스코엠텍,kospi,5.25,090030,5.25,14300.0,14780.0,10820.0,10860.0,10540.0,10560.0,10840.0,11370.0,11030.0,11360.0,12860.0,13100.0,13700.0,3637100.0,3439050.0,3006220.0,2940171.0,33795544.0,5319546.0,3057643.0,30361030.0,15845051.0,30873984.0,9234661.0,5.25,4657310.125,9234661,0.9828314525221789,0.00020068502761797158,480.0,1,0.03356643356643363
009730,코센,kospi,2.10,090013,2.1,2680.0,2905.0,1900.0,2005.0,2005.0,1995.0,1987.0,2020.0,2510.0,2400.0,2300.0,2295.0,2600.0,816867.0,220004.0,205715.0,70600.0,46928.0,188414.0,704712.0,1242827.0,545879.0,658751.0,677195.0,2.1,404454.6,677195,0.6743411992347226,0.0012307610155249788,225.0,1,0.08395522388059695
016100,리더스코스메틱,kospi,3.03,090026,3.03,3395.0,3395.0,3550.0,3505.0,3345.0,3555.0,3500.0,3460.0,3510.0,3470.0,3395.0,3250.0,3140.0,28264.0,27162.0,50218.0,26598.0,39940.0,32416.0,63711.0,30674.0,64440.0,59733.0,44119.0,3.03,36656.3,44119,0.20358574105951766,0.001492736066886219,0.0,0,0.0
016790,카나리아바이오,kospi,2.87,090029,2.87,24850.0,26750.0,27000.0,28000.0,25200.0,25300.0,27600.0,27700.0,28850.0,21500.0,23600.0,21950.0,24100.0,6724098.0,6927410.0,5199982.0,7424445.0,4396877.0,4379464.0,11788091.0,12874772.0,16389542.0,17709356.0,7836736.0,2.87,7612878.1,7836736,0.02940516018508177,0.00020830981279620664,1900.0,1,0.0764587525150906
017250,인터엠,kospi,3.70,090027,3.7,1290.0,1305.0,1293.0,1250.0,1254.0,1254.0,1262.0,1278.0,1294.0,1293.0,1261.0,1237.0,1246.0,18293.0,55802.0,53568.0,36508.0,22249.0,17682.0,12917.0,12677.0,69305.0,49003.0,20488.0,3.7,30024.7,20488,-0.31762848587995884,0.0038375722399496223,15.0,1,0.011627906976744207
018700,바른손,kospi,3.25,090015,3.25,2545.0,2545.0,2530.0,2500.0,2430.0,2450.0,2310.0,2435.0,2490.0,2465.0,2445.0,2405.0,2415.0,158219.0,89879.0,176364.0,60377.0,109910.0,65081.0,106742.0,127846.0,110360.0,160382.0,126477.0,3.25,100719.3,126477,0.2557374803041721,0.0018217274589295805,0.0,0,0.0
019210,와이지-원,kospi,2.20,090008,2.2,6490.0,6860.0,6670.0,6420.0,6180.0,6260.0,6080.0,6220.0,6170.0,6210.0,6150.0,6160.0,6370.0,166904.0,181644.0,199880.0,81171.0,86040.0,72802.0,94380.0,60497.0,82344.0,245295.0,468089.0,2.2,103203.2,468089,3.5356054851012377,0.0006509526607127573,370.0,1,0.057010785824345156
027040,서울전자통신,kospi,4.75,090008,4.75,640.0,640.0,602.0,600.0,593.0,602.0,604.0,605.0,603.0,605.0,610.0,608.0,610.0,80412.0,60887.0,72624.0,85154.0,80744.0,84742.0,40424.0,30622.0,246452.0,59393.0,94293.0,4.75,59579.88888888889,94293,0.5826313502505505,0.007458193089038508,0.0,0,0.0
028080,휴맥스홀딩스,kospi,3.58,090007,3.58,5500.0,6550.0,5460.0,5130.0,4860.0,4950.0,4905.0,5370.0,5200.0,5250.0,5330.0,5050.0,5470.0,265188.0,546619.0,601801.0,743556.0,1405039.0,1090528.0,739439.0,314917.0,2597987.0,651748.0,3919027.0,3.58,634728.5555555555,3919027,5.174335415821672,0.0006485768317309388,1050.0,1,0.19090909090909092
032800,판타지오,kospi,2.00,090015,2.0,408.0,408.0,414.0,404.0,396.0,399.0,389.0,399.0,404.0,410.0,400.0,398.0,398.0,332242.0,418020.0,393202.0,211644.0,179873.0,174466.0,235914.0,155491.0,199498.0,215961.0,241808.0,2.0,230074.8,241808,0.050997327825559324,0.011773764031237276,0.0,0,0.0
036200,유니셈,kospi,2.44,090025,2.44,7950.0,8750.0,6010.0,5900.0,5800.0,5830.0,5790.0,6130.0,6810.0,6910.0,6870.0,7080.0,7920.0,132344.0,88861.0,146486.0,82342.0,161973.0,910102.0,1169642.0,268823.0,269437.0,2020467.0,2563909.0,2.44,144773.25,2563909,16.709825537521606,0.0003444787826314092,800.0,1,0.10062893081761004
036540,SFA반도체,kospi,2.22,090026,2.22,4870.0,5170.0,3980.0,3920.0,3855.0,3885.0,3850.0,4815.0,4725.0,4665.0,4690.0,4620.0,4810.0,715723.0,695823.0,701097.0,975715.0,44709556.0,32858264.0,5773195.0,4151361.0,4953029.0,2724317.0,18528104.0,2.22,2246344.125,18528104,7.248114700591566,0.0009123047916867636,300.0,1,0.06160164271047219
036930,주성엔지니어링,kospi,4.46,090029,4.46,13390.0,15620.0,10910.0,10680.0,10450.0,10400.0,10300.0,11100.0,11470.0,11570.0,11710.0,11760.0,13240.0,702879.0,469740.0,677250.0,589706.0,1011678.0,1383501.0,609236.0,1446078.0,1027400.0,3949708.0,19545596.0,4.46,793070.8,19545596,23.64546166622198,0.0002010511107541373,2230.0,1,0.16654219566840922
037030,파워넷,kospi,3.77,090017,3.77,4405.0,4840.0,4050.0,4085.0,3800.0,3940.0,3930.0,3890.0,3935.0,3945.0,4100.0,4180.0,4250.0,14598851.0,3641375.0,1192963.0,3915535.0,816928.0,634264.0,385116.0,570423.0,6916628.0,3652066.0,14481717.0,3.77,2008609.111111111,14481717,6.209823414566254,0.0008347355059946353,435.0,1,0.09875141884222471
038460,바이오스마트,kospi,3.70,090006,3.7,3500.0,3705.0,3540.0,3370.0,3340.0,3335.0,3365.0,3375.0,3450.0,3430.0,3400.0,3340.0,3475.0,93773.0,98598.0,62640.0,48966.0,22961.0,34313.0,28160.0,14800.0,37482.0,68349.0,242840.0,3.7,44516.8,242840,4.455019228695683,0.0012915785348098043,205.0,1,0.0585714285714285
042040,케이피엠테크,kospi,3.02,090004,3.02,410.0,422.0,415.0,413.0,400.0,403.0,391.0,395.0,408.0,408.0,399.0,394.0,398.0,1979358.0,684609.0,808893.0,415184.0,687456.0,702515.0,509259.0,314877.0,623063.0,532125.0,815377.0,3.02,527361.5555555555,815377,0.5461441802313995,0.011331566174350827,12.0,1,0.029268292682926855
042600,새로닉스,kospi,2.98,090007,2.98,29400.0,31300.0,26250.0,26500.0,25150.0,26100.0,26600.0,26600.0,25400.0,26300.0,27600.0,27450.0,27600.0,255280.0,198637.0,168910.0,202599.0,358588.0,234253.0,133869.0,108452.0,350011.0,490102.0,411699.0,2.98,203819.9,411699,1.0199156215855272,0.00013314648518971832,1900.0,1,0.06462585034013602
042940,상지카일룸,kospi,4.90,090028,4.9,450.0,475.0,356.0,343.0,324.0,325.0,299.0,326.0,378.0,393.0,372.0,416.0,433.0,407167.0,403036.0,1262810.0,615629.0,747804.0,11868215.0,27562504.0,5514893.0,13853817.0,4995816.0,4894716.0,4.9,3852644.888888889,4894716,0.27048200422428414,0.005155731061289855,25.0,1,0.05555555555555558
044180,KD,kospi,2.59,090006,2.59,595.0,600.0,718.0,697.0,660.0,620.0,586.0,558.0,563.0,598.0,590.0,578.0,579.0,47691.0,193466.0,240068.0,535471.0,385927.0,434410.0,1372117.0,405757.0,127881.0,199595.0,268128.0,2.59,263472.22222222225,268128,0.017670848708486897,0.005899146666279734,5.0,1,0.008403361344537785
045970,코아시아,kospi,3.74,090024,3.74,11100.0,11600.0,7470.0,7220.0,7010.0,8640.0,8720.0,8870.0,8930.0,9780.0,9900.0,10400.0,10900.0,315462.0,297863.0,1975567.0,12497318.0,3388109.0,1754425.0,12530559.0,2184317.0,13431538.0,3414571.0,3608472.0,3.74,4838605.8,3608472,-0.2542331098764028,0.00029494081196917044,500.0,1,0.04504504504504503
046390,삼화네트웍스,kospi,2.32,090018,2.32,3090.0,3220.0,3135.0,2985.0,2895.0,2860.0,2735.0,2880.0,2945.0,2925.0,2985.0,2970.0,3065.0,526125.0,537761.0,1024623.0,644402.0,818438.0,543451.0,298871.0,362897.0,286551.0,391604.0,731383.0,2.32,504618.4,731383,0.44937838176332834,0.001334396762710661,130.0,1,0.04207119741100329
049950,미래컴퍼니,kospi,4.06,090027,4.06,45000.0,48050.0,35000.0,35450.0,35700.0,35950.0,37450.0,38300.0,38550.0,40400.0,41050.0,40500.0,42300.0,415385.0,395153.0,356449.0,514209.0,382670.0,631262.0,414068.0,2383212.0,1197420.0,1547613.0,1278496.0,4.06,393937.0,1278496,2.24543264532146,8.194645888984254e-05,3050.0,1,0.06777777777777771
054090,삼진엘앤디,kospi,2.05,090012,2.05,2990.0,3165.0,2935.0,2805.0,2715.0,2765.0,2750.0,2850.0,2810.0,2850.0,2860.0,2830.0,2920.0,2086373.0,962397.0,845633.0,1219631.0,680163.0,744154.0,423831.0,441430.0,860277.0,1595891.0,5179368.0,2.05,686715.1111111111,5179368,6.542236826010333,0.0014334706882556665,175.0,1,0.05852842809364556
054800,아이디스홀딩스,kospi,2.65,090007,2.65,14700.0,14900.0,13810.0,13640.0,13700.0,13940.0,13640.0,13660.0,13610.0,13550.0,13340.0,13200.0,14100.0,2644.0,2222.0,2724.0,5232.0,3859.0,5286.0,3904.0,1294.0,3000.0,52709.0,15735.0,2.65,3351.6666666666665,15735,3.6946792640477373,0.00030859062270527447,200.0,1,0.013605442176870763
054920,한컴위드,kospi,3.28,090011,3.28,5980.0,5990.0,5300.0,5270.0,5200.0,5330.0,5090.0,5200.0,5470.0,5400.0,5600.0,5680.0,5770.0,255483.0,349164.0,354018.0,169848.0,204498.0,323692.0,365807.0,3440060.0,758717.0,1029311.0,393320.0,3.28,253535.0,393320,0.5513439958980022,0.000717679223192729,10.0,1,0.0016722408026756952
058450,일야,kospi,6.21,090026,6.21,855.0,1046.0,790.0,780.0,778.0,778.0,815.0,800.0,815.0,798.0,800.0,797.0,824.0,2116185.0,1094907.0,562860.0,633306.0,1552100.0,1082780.0,755326.0,625354.0,698975.0,567962.0,7680818.0,6.21,778492.4444444445,7680818,8.866271734314983,0.004275315954039143,191.0,1,0.22339181286549703
058970,엠로,kospi,3.69,090020,3.69,50300.0,51100.0,25000.0,25200.0,22300.0,30200.0,35750.0,34050.0,39550.0,38700.0,40050.0,46250.0,44250.0,158197.0,145667.0,592980.0,236705.0,6099266.0,7349181.0,1144001.0,692458.0,1450279.0,1373200.0,823628.0,3.69,558067.125,823628,0.47585830288784714,4.4820171484057905e-05,800.0,1,0.015904572564612307
059270,해성티피씨,kospi,2.86,090009,2.86,8980.0,9180.0,6870.0,7090.0,7100.0,7200.0,7210.0,7740.0,7960.0,8570.0,8530.0,8660.0,8740.0,850750.0,214823.0,658383.0,570035.0,679712.0,1941678.0,6930199.0,1321613.0,2694563.0,1373542.0,601554.0,2.86,993366.3333333334,601554,-0.39442884280018886,0.00045697366871386895,200.0,1,0.022271714922049046
060230,소니드,kospi,6.41,090027,6.41,5460.0,5720.0,5190.0,5060.0,5300.0,5230.0,5270.0,5570.0,5480.0,5220.0,5330.0,5100.0,5330.0,3382300.0,3345713.0,17224624.0,5965638.0,4203453.0,5587301.0,2189240.0,2482309.0,2241900.0,2768976.0,5076511.0,6.41,3267020.4444444445,5076511,0.5538656969939038,0.0009193393121359705,260.0,1,0.04761904761904767
060590,씨티씨바이오,kospi,3.16,090012,3.16,11050.0,11400.0,9080.0,8900.0,8020.0,8940.0,9150.0,10000.0,10100.0,10440.0,10300.0,10150.0,10190.0,76234.0,72158.0,302884.0,233532.0,1352272.0,204679.0,210627.0,553188.0,237287.0,448425.0,349930.0,3.16,211197.66666666666,349930,0.6568838355221729,0.00038160161454544504,350.0,1,0.03167420814479649
064240,홈캐스트,kospi,2.21,090019,2.21,4390.0,4445.0,4040.0,3885.0,3800.0,4025.0,4210.0,4255.0,4285.0,4310.0,4345.0,4200.0,4315.0,80216.0,271202.0,227712.0,499899.0,180093.0,156816.0,218400.0,161405.0,127522.0,152169.0,139526.0,2.21,158631.22222222222,139526,-0.12043796898606896,0.0011435705316892553,55.0,1,0.01252847380410027
064800,젬백스링크,kospi,2.02,090013,2.02,1313.0,1327.0,1454.0,1447.0,1380.0,1396.0,1319.0,1305.0,1260.0,1219.0,1225.0,1240.0,1273.0,428808.0,949070.0,535087.0,222988.0,584070.0,511249.0,517973.0,604578.0,2802136.0,1216415.0,426544.0,2.02,425753.25,426544,0.001857296450467505,0.003259475661884566,14.0,1,0.010662604722010638
065150,엠피대산,kospi,7.07,090015,7.07,311.0,386.0,320.0,304.0,313.0,314.0,303.0,303.0,309.0,309.0,306.0,297.0,311.0,384779.0,581788.0,97565.0,78596.0,74335.0,237607.0,94843.0,183872.0,59864.0,220870.0,4258987.0,7.07,134641.33333333334,4258987,30.632091680613183,0.012091695202121392,75.0,1,0.2411575562700965
066360,체리부로,kospi,2.04,090019,2.04,1352.0,1369.0,1224.0,1190.0,1176.0,1054.0,1142.0,1148.0,1176.0,1090.0,1175.0,1247.0,1203.0,38069.0,50046.0,37877.0,555152.0,46943.0,58899.0,97729.0,479543.0,181921.0,357267.0,686121.0,2.04,64085.875,686121,9.706274978690702,0.0027100339402432406,17.0,1,0.012573964497041512
066970,엘앤에프,kospi,2.00,090028,2.0,255500.0,268500.0,221500.0,228500.0,222500.0,229000.0,223500.0,229000.0,219000.0,224500.0,235000.0,235000.0,239500.0,1170747.0,754143.0,915434.0,782311.0,1802388.0,1075213.0,881421.0,724804.0,1447367.0,2584650.0,2197983.0,2.0,887882.2222222222,2197983,1.4755344177280771,1.5398181440629113e-05,13000.0,1,0.050880626223092085
068330,일신바이오,kospi,2.47,090023,2.47,1450.0,1809.0,1405.0,1390.0,1391.0,1391.0,1384.0,1387.0,1451.0,1461.0,1459.0,1403.0,1450.0,138435.0,77524.0,104488.0,60518.0,94302.0,248341.0,115481.0,48653.0,108052.0,130148.0,4407473.0,2.47,83211.44444444444,4407473,51.96714928368561,0.0025589347710371375,359.0,1,0.24758620689655175
071670,에이테크솔루션,kospi,5.30,090029,5.3,15110.0,15200.0,10850.0,10290.0,10110.0,10250.0,10160.0,10620.0,11010.0,11240.0,11420.0,12510.0,14040.0,151242.0,147283.0,97531.0,71378.0,70255.0,117162.0,827601.0,123738.0,408026.0,4258887.0,1415062.0,5.3,99078.625,1415062,13.282212737611164,0.00013122461197697768,90.0,1,0.0059563203176704604
073570,어반리튬,kospi,5.56,090029,5.56,18800.0,20150.0,13020.0,13030.0,12910.0,13080.0,12890.0,13590.0,13940.0,15010.0,15250.0,15400.0,17550.0,1304367.0,654436.0,621622.0,592497.0,567744.0,601116.0,1844165.0,2168104.0,684604.0,14125895.0,9043629.0,5.56,765344.5555555555,9043629,10.816415148384149,0.00010346423254518683,1350.0,1,0.07180851063829796
076080,웰크론한텍,kospi,2.79,090029,2.79,5540.0,5550.0,4800.0,4745.0,4490.0,4525.0,4605.0,4780.0,4730.0,4875.0,4880.0,4800.0,5280.0,2606746.0,652229.0,981028.0,712729.0,5415740.0,921834.0,806386.0,2686281.0,1148760.0,8470293.0,3671930.0,2.79,1169030.3333333333,3671930,2.141004895510268,0.0006966642461661602,10.0,1,0.0018050541516245744
077360,덕산하이메탈,kospi,2.27,090011,2.27,6320.0,6500.0,5900.0,5650.0,5560.0,5610.0,5600.0,5850.0,6020.0,5910.0,5910.0,5910.0,6290.0,357237.0,304267.0,267634.0,181145.0,225166.0,360824.0,192217.0,206035.0,183802.0,511344.0,860882.0,2.27,228461.7,860882,2.768167706009366,0.0007072386453859829,180.0,1,0.028481012658227778
079810,디이엔티,kospi,2.20,090025,2.2,18570.0,18750.0,14450.0,14600.0,14080.0,14420.0,14320.0,13590.0,13210.0,14920.0,15330.0,15600.0,16850.0,319168.0,300055.0,407150.0,319937.0,328792.0,710713.0,576624.0,694758.0,522777.0,1851960.0,767577.0,2.2,419682.4,767577,0.8289473182578062,0.00012791399729631455,180.0,1,0.009693053311793154
082660,코스나인,kospi,2.00,090017,2.0,817.0,817.0,798.0,747.0,678.0,761.0,790.0,861.0,635.0,650.0,810.0,776.0,779.0,0.0,8761593.0,3166767.0,2151269.0,10189459.0,4903922.0,10028153.0,9197300.0,5750166.0,3119629.0,1465020.0,2.0,5414940.8,1465020,-0.7294485657165448,0.005009134407488952,0.0,0,0.0
083470,이엠앤아이,kospi,11.61,090025,11.61,3780.0,4100.0,3095.0,3000.0,3010.0,3060.0,3090.0,3280.0,3355.0,3365.0,3345.0,3440.0,3710.0,323563.0,481882.0,316323.0,146836.0,191882.0,684873.0,319267.0,289476.0,373334.0,352932.0,1352465.0,11.61,271808.1111111111,1352465,3.975808096643343,0.0009775191554556206,320.0,1,0.08465608465608465
084370,유진테크,kospi,2.51,090029,2.51,28550.0,31700.0,24950.0,24650.0,24400.0,24550.0,23900.0,26200.0,27250.0,26650.0,26850.0,27450.0,28100.0,130838.0,126073.0,127123.0,146818.0,185900.0,405348.0,141048.0,133415.0,164835.0,154225.0,962905.0,2.51,131572.22222222222,962905,6.318452054216104,0.00014020974920689436,3150.0,1,0.11033274956217154
086520,에코프로,kospi,5.49,090030,5.49,481000.0,481500.0,302000.0,308500.0,355000.0,388500.0,427000.0,392500.0,347500.0,391000.0,428000.0,406500.0,435000.0,1120913.0,2762413.0,3319117.0,3092531.0,2114602.0,2509582.0,2668280.0,1494442.0,1581025.0,2542467.0,1543537.0,5.49,2109790.5,1543537,-0.2683932362004664,7.466193885233877e-06,500.0,1,0.0010395010395010118
086960,MDS테크,kospi,2.13,090027,2.13,3125.0,3875.0,2810.0,2705.0,2885.0,2965.0,2895.0,2985.0,3055.0,3015.0,3090.0,3020.0,3095.0,9919272.0,40201720.0,26391504.0,12546681.0,10539657.0,38794564.0,22779572.0,16857580.0,29372790.0,14997739.0,175909648.0,2.13,20740643.5,175909648,7.481397792696258,0.0012097303356411208,750.0,1,0.24
091120,이엠텍,kospi,4.08,090024,4.08,26900.0,29550.0,23850.0,23150.0,22250.0,22500.0,23000.0,24200.0,23850.0,24200.0,23700.0,23750.0,26700.0,129732.0,116528.0,189846.0,99480.0,169699.0,135062.0,123579.0,114498.0,184557.0,468273.0,892948.0,4.08,128968.1,892948,5.923789681324296,0.0001364306692950225,2650.0,1,0.0985130111524164
091970,나노캠텍,kospi,5.41,090017,5.41,896.0,1074.0,897.0,856.0,883.0,884.0,896.0,910.0,936.0,920.0,891.0,803.0,896.0,170705.0,219943.0,543425.0,123824.0,129022.0,283659.0,154999.0,361861.0,144228.0,340362.0,3300732.0,5.41,176570.77777777778,3300732,17.69353491863823,0.004876341925444487,178.0,1,0.1986607142857142
092600,앤씨앤,kospi,2.45,090030,2.45,1800.0,1889.0,1733.0,1697.0,1654.0,1700.0,1650.0,1678.0,1742.0,1754.0,1730.0,1727.0,1758.0,295540.0,192591.0,250507.0,206026.0,246582.0,168499.0,97529.0,143991.0,113824.0,106838.0,312038.0,2.45,171684.7,312038,0.817506161003281,0.0024717328967329144,89.0,1,0.0494444444444444
095340,ISC,kospi,2.01,090012,2.01,35550.0,37800.0,32650.0,32750.0,31750.0,32000.0,31750.0,34000.0,33200.0,34200.0,33850.0,34050.0,35100.0,127391.0,139440.0,183183.0,110621.0,165077.0,299910.0,160166.0,110558.0,132246.0,116000.0,596637.0,2.01,129309.11111111111,596637,3.6140368213290808,0.00012220158516526827,2250.0,1,0.06329113924050622
095610,테스,kospi,2.74,090015,2.74,22500.0,23100.0,17070.0,17030.0,16900.0,17200.0,16990.0,18290.0,20150.0,19900.0,19970.0,21500.0,21700.0,128291.0,285471.0,210772.0,163329.0,127140.0,983256.0,677661.0,270825.0,760117.0,571314.0,645210.0,2.74,362856.2,645210,0.7781424156456469,0.00016519252865757522,600.0,1,0.026666666666666616
100590,머큐리,kospi,3.01,090017,3.01,6550.0,6610.0,6180.0,6070.0,5810.0,5870.0,5980.0,6120.0,6170.0,6200.0,6140.0,6060.0,6400.0,110546.0,78452.0,121417.0,127125.0,73041.0,147867.0,51789.0,93041.0,52064.0,148918.0,440232.0,3.01,86174.2,440232,4.108628800731542,0.0006954026767336786,60.0,1,0.009160305343511421
101670,하이드로리튬,kospi,3.05,090029,3.05,28900.0,29750.0,25700.0,25400.0,23450.0,23500.0,22250.0,23150.0,22100.0,24000.0,25500.0,25650.0,26650.0,2920599.0,1680170.0,2412885.0,1844505.0,1691117.0,1149225.0,1274338.0,4246082.0,2263964.0,10696887.0,2818076.0,3.05,1695939.2222222222,2818076,0.6616609622999461,9.067181618441122e-05,850.0,1,0.02941176470588225
107600,새빗켐,kospi,2.99,090029,2.99,117300.0,117400.0,115900.0,113000.0,115500.0,116500.0,110600.0,107500.0,103500.0,109200.0,112900.0,111500.0,111800.0,211447.0,221284.0,266271.0,275494.0,186590.0,175526.0,107166.0,135027.0,160342.0,271324.0,113716.0,2.99,185094.7,113716,-0.38563340819591274,3.564520893536554e-05,100.0,1,0.0008525149190110604
108230,톱텍,kospi,2.75,090007,2.75,9640.0,10090.0,9430.0,9000.0,9060.0,9160.0,8910.0,9150.0,9300.0,9390.0,9460.0,9370.0,9500.0,324540.0,392220.0,222624.0,193276.0,182637.0,200024.0,170491.0,220357.0,221017.0,327931.0,445859.0,2.75,177490.75,445859,1.5120125978396057,0.00046598389402898534,450.0,1,0.04668049792531126
114190,강원에너지,kospi,8.30,090028,8.3,29300.0,29900.0,12270.0,15000.0,15460.0,16300.0,16450.0,15790.0,15100.0,18290.0,23650.0,24700.0,26850.0,17480012.0,1329932.0,831449.0,999258.0,3983442.0,2316155.0,5867861.0,11235218.0,8260746.0,5787168.0,2647022.0,8.3,5233092.3,2647022,-0.49417632094889663,-1.051889426323198e-05,600.0,1,0.020477815699658786
114810,한솔아이원스,kospi,2.15,090019,2.15,7130.0,7420.0,7220.0,6950.0,6950.0,6910.0,6840.0,7310.0,7660.0,6880.0,6590.0,6770.0,7090.0,64203.0,100151.0,84622.0,53081.0,81390.0,180503.0,81705.0,1130287.0,418378.0,197596.0,312161.0,2.15,81593.125,312161,2.8258247860956422,0.0007113488889664973,290.0,1,0.04067321178120609
117730,티로보틱스,kospi,2.92,090026,2.92,9860.0,10170.0,8140.0,7800.0,7550.0,7790.0,8000.0,8510.0,8580.0,8970.0,8980.0,9270.0,9310.0,376030.0,326725.0,460087.0,295149.0,471171.0,6426180.0,1356010.0,1289891.0,2113410.0,1945527.0,1158109.0,2.92,744198.1111111111,1158109,0.5561837402017951,0.0003875175147927365,310.0,1,0.03144016227180524
119830,아이텍,kospi,2.00,090009,2.0,9700.0,9740.0,11370.0,10620.0,9410.0,9520.0,9480.0,9150.0,9700.0,9600.0,9720.0,9270.0,9300.0,234103.0,484933.0,668652.0,469878.0,438675.0,333042.0,118521.0,117514.0,151007.0,297646.0,154236.0,2.0,302562.5,154236,-0.49023424912208224,0.00041298269793831364,40.0,1,0.004123711340206171
125210,아모그린텍,kospi,2.60,090013,2.6,15780.0,15780.0,13600.0,13390.0,13000.0,13310.0,13250.0,13720.0,13800.0,14310.0,14820.0,14850.0,14790.0,390674.0,291586.0,342928.0,278047.0,251013.0,248535.0,262237.0,427345.0,1293182.0,1127118.0,598070.0,2.6,278572.77777777775,598070,1.1469075505902109,0.0002600133958128047,0.0,0,0.0
127120,디엔에이링크,kospi,2.24,090019,2.24,3195.0,3360.0,3540.0,3500.0,3445.0,3420.0,3175.0,3250.0,3270.0,3325.0,3335.0,2915.0,3055.0,69442.0,51951.0,47377.0,64278.0,78766.0,55014.0,22034.0,43617.0,37089.0,289860.0,89955.0,2.24,47262.3,89955,0.9033140579277774,0.0013902426349400648,165.0,1,0.05164319248826299
128540,에코캡,kospi,2.34,090001,2.34,4370.0,4395.0,4570.0,4440.0,4295.0,4315.0,4120.0,4250.0,4300.0,4340.0,4260.0,4230.0,4245.0,498974.0,263291.0,390038.0,246221.0,219077.0,166759.0,114210.0,154386.0,239651.0,186380.0,150239.0,2.34,199764.22222222222,150239,-0.24791837933385907,0.0010422096690583175,25.0,1,0.005720823798627039
129920,대성하이텍,kospi,2.45,090024,2.45,10970.0,11450.0,9010.0,8710.0,8340.0,8400.0,8170.0,8390.0,8620.0,8870.0,10150.0,10130.0,10780.0,282226.0,309037.0,432222.0,187130.0,207534.0,253750.0,147232.0,4708138.0,2606830.0,1655469.0,1652432.0,2.45,228738.875,1652432,6.2240977839905876,0.00023606583049846444,480.0,1,0.04375569735642659
137080,나래나노텍,kospi,2.46,090014,2.46,10810.0,11250.0,8320.0,8320.0,8120.0,8210.0,10550.0,10630.0,10170.0,10400.0,10630.0,10300.0,10640.0,293554.0,141686.0,207115.0,7200191.0,8565031.0,1730496.0,951003.0,2130974.0,906153.0,1248019.0,1552164.0,2.46,796452.625,1552164,0.9488466121886407,0.00044562898628154585,440.0,1,0.04070305272895469
140070,서플러스글로벌,kospi,2.96,090015,2.96,4530.0,4890.0,4100.0,3985.0,3940.0,4015.0,4090.0,4370.0,4300.0,4305.0,4320.0,4375.0,4515.0,157632.0,237832.0,228694.0,1187406.0,1492729.0,467001.0,384970.0,698043.0,1740461.0,676152.0,4837852.0,2.96,659928.3,4837852,6.330875187501429,0.0009790425600008138,360.0,1,0.07947019867549665
140670,알에스오토메이션,kospi,2.20,090014,2.2,17620.0,17690.0,14360.0,14000.0,13250.0,13640.0,14400.0,16690.0,16090.0,16070.0,16070.0,16800.0,16650.0,2109960.0,293787.0,298765.0,325381.0,1760713.0,3635653.0,724224.0,374650.0,1326876.0,2173115.0,433871.0,2.2,1086665.9,433871,-0.6007319268967581,0.0002533073047599298,70.0,1,0.0039727582292850006
141000,비아트론,kospi,2.03,090004,2.03,10060.0,11840.0,9890.0,9700.0,9370.0,9620.0,9600.0,9410.0,9770.0,9560.0,9400.0,9580.0,9890.0,58368.0,34250.0,73185.0,24585.0,41725.0,57573.0,32901.0,43445.0,40659.0,68403.0,1764850.0,2.03,41658.1,1764850,41.365110266670825,0.00038174447302284295,1780.0,1,0.17693836978131205
177350,베셀,kospi,3.22,090013,3.22,4485.0,4680.0,4475.0,4340.0,4260.0,4180.0,4100.0,4305.0,4585.0,4440.0,4290.0,4275.0,4385.0,300277.0,174989.0,238183.0,414646.0,234315.0,339169.0,760716.0,240996.0,219340.0,292134.0,591244.0,3.22,240700.0,591244,1.4563523057748236,0.0010303351493233608,195.0,1,0.04347826086956519
182400,엔케이맥스,kospi,3.98,090022,3.98,12340.0,12340.0,10330.0,10110.0,10000.0,10270.0,10030.0,10200.0,10710.0,10660.0,10520.0,10640.0,10230.0,478914.0,375598.0,471370.0,382825.0,395407.0,428159.0,352058.0,205606.0,400564.0,912274.0,1768412.0,3.98,350073.1,1768412,4.051550661847483,0.00031530043693917724,0.0,0,0.0
187270,신화콘텍,kospi,6.11,090027,6.11,5650.0,5650.0,5060.0,4905.0,4700.0,4760.0,4760.0,4905.0,5040.0,5030.0,4980.0,4995.0,5090.0,122534.0,134442.0,151311.0,102430.0,68800.0,117447.0,60271.0,50512.0,83692.0,191990.0,746847.0,6.11,89652.9,746847,7.33042768276319,0.0007215997315017487,0.0,0,0.0
187790,나노,kospi,3.78,090013,3.78,1234.0,1234.0,1221.0,1148.0,1102.0,1111.0,1071.0,1110.0,1138.0,1121.0,1130.0,1123.0,1130.0,418798.0,542244.0,514197.0,244383.0,243012.0,156412.0,95673.0,180487.0,151563.0,970501.0,324993.0,3.78,254789.9,324993,0.27553329233223134,0.0033459859032649877,0.0,0,0.0
189330,씨이랩,kospi,4.20,090027,4.2,24800.0,25750.0,22150.0,21900.0,21000.0,20850.0,20200.0,21700.0,22100.0,21600.0,22350.0,22850.0,23100.0,416621.0,301654.0,250420.0,254567.0,267683.0,491527.0,215487.0,228088.0,398288.0,406618.0,1118207.0,4.2,284743.5,1118207,2.9270676942581657,0.0001527995391729565,950.0,1,0.03830645161290325
196490,디에이테크놀로지,kospi,3.28,090026,3.28,4710.0,4825.0,3560.0,3305.0,3035.0,3110.0,3100.0,3230.0,3310.0,3410.0,3595.0,3850.0,4440.0,402734.0,626221.0,508556.0,254393.0,190708.0,204085.0,273821.0,491126.0,707408.0,7233291.0,2999664.0,3.28,366349.2,2999664,7.187991129774543,0.0002985129165010502,115.0,1,0.02441613588110414
198440,고려시멘트,kospi,2.36,090026,2.36,2385.0,2490.0,2415.0,2375.0,2285.0,2340.0,2300.0,2350.0,2385.0,2370.0,2360.0,2325.0,2340.0,292991.0,159977.0,197151.0,181238.0,91506.0,104423.0,77955.0,70510.0,75430.0,115157.0,373492.0,2.36,125352.1,373492,1.9795432226504381,0.0019646519582499243,105.0,1,0.04402515723270439
200710,에이디테크놀로지,kospi,3.40,090024,3.4,24400.0,25150.0,19770.0,19120.0,18570.0,19290.0,19820.0,21600.0,21900.0,22700.0,22500.0,23100.0,23800.0,400306.0,394454.0,442759.0,934495.0,3618343.0,1287085.0,3087570.0,942099.0,1109081.0,988443.0,1385100.0,3.4,691759.875,1385100,1.0022843909528576,0.00016739037123741343,750.0,1,0.03073770491803285
208370,셀바스헬스케어,kospi,2.38,090025,2.38,12740.0,14090.0,7800.0,8210.0,7730.0,8040.0,7720.0,7800.0,8170.0,7960.0,11170.0,11750.0,12450.0,4888182.0,2048967.0,1470882.0,1769476.0,1647920.0,1978358.0,1355586.0,7574163.0,25073732.0,7355837.0,4946406.0,2.38,2527331.5555555555,4946406,0.9571654495140769,2.9679521375605753e-05,1350.0,1,0.10596546310832022
234100,폴라리스세원,kospi,2.69,090022,2.69,2275.0,2375.0,2370.0,2300.0,2245.0,2320.0,2280.0,2305.0,2340.0,2320.0,2265.0,2210.0,2270.0,2294672.0,1307127.0,1900737.0,5122919.0,1677581.0,3007224.0,1008759.0,1010740.0,705261.0,827971.0,1410120.0,2.69,1434930.111111111,1410120,-0.017290118117250897,0.002135240964316904,100.0,1,0.04395604395604402
237690,에스티팜,kospi,2.72,090025,2.72,75900.0,76700.0,77600.0,76300.0,72500.0,72500.0,69400.0,72300.0,73900.0,74700.0,74300.0,72400.0,73700.0,164042.0,81376.0,162890.0,78407.0,112611.0,101512.0,82952.0,137295.0,59221.0,137343.0,137275.0,2.72,105400.6,137275,0.30241194072899,5.840528668686474e-05,800.0,1,0.010540184453228019
239890,피엔에이치테크,kospi,2.08,090017,2.08,22100.0,24000.0,18810.0,18340.0,18150.0,18190.0,17870.0,18640.0,20050.0,20300.0,19850.0,20350.0,22050.0,174420.0,104237.0,111111.0,84070.0,42647.0,108792.0,149396.0,63212.0,102709.0,154038.0,397019.0,2.08,87580.44444444444,397019,3.5331923412633977,0.00016221015359874265,1900.0,1,0.08597285067873295
241840,에이스토리,kospi,2.70,090018,2.7,22850.0,23350.0,24800.0,23100.0,22550.0,22450.0,21350.0,22100.0,22000.0,22200.0,22600.0,22100.0,22550.0,466133.0,214874.0,193497.0,151874.0,212518.0,108008.0,63064.0,66927.0,51712.0,52569.0,91280.0,2.7,120558.22222222222,91280,-0.24285545757513194,0.00018529788709162852,500.0,1,0.02188183807439814
247540,에코프로비엠,kospi,4.04,090030,4.04,245000.0,245500.0,193100.0,190300.0,193300.0,200500.0,211000.0,199200.0,181400.0,197300.0,204000.0,210000.0,225000.0,2456200.0,3398373.0,3476619.0,4072893.0,4006835.0,3388296.0,3452514.0,2193086.0,2700971.0,9261725.0,4106404.0,4.04,2937078.7,4106404,0.39812528687093063,1.361589237548721e-05,500.0,1,0.0020408163265306367
250060,모비스,kospi,2.25,090024,2.25,1950.0,2050.0,1974.0,1890.0,1835.0,1835.0,1787.0,1800.0,1900.0,1951.0,1953.0,1880.0,1907.0,517379.0,254059.0,179641.0,97431.0,135616.0,244119.0,279149.0,1579283.0,115382.0,161532.0,333072.0,2.25,163413.0,333072,1.038222173266509,0.00217612947010453,100.0,1,0.05128205128205132
252990,샘씨엔에스,kospi,2.45,090030,2.45,4385.0,4595.0,4335.0,4210.0,4095.0,4125.0,4045.0,4190.0,4340.0,4330.0,4260.0,4255.0,4305.0,67649.0,79259.0,77154.0,59093.0,116358.0,167616.0,76487.0,75499.0,91127.0,78978.0,235867.0,2.45,66321.625,235867,2.5564116530618786,0.001033444512044496,210.0,1,0.047890535917902044
254490,미래반도체,kospi,2.66,090019,2.66,17000.0,19460.0,15720.0,14500.0,15090.0,16530.0,16840.0,17300.0,17000.0,16710.0,16690.0,16550.0,16750.0,163396.0,221631.0,3338880.0,2086481.0,1392825.0,800464.0,264411.0,328214.0,266025.0,225757.0,5247966.0,2.66,615577.4444444445,5247966,7.5252733792679205,0.0002740182333477195,2460.0,1,0.14470588235294124
255440,야스,kospi,5.82,090011,5.82,8360.0,8420.0,7740.0,7530.0,7330.0,7360.0,7440.0,7600.0,7770.0,7800.0,7600.0,7600.0,7900.0,11749.0,9413.0,22217.0,34328.0,20230.0,44880.0,19285.0,15951.0,17116.0,28569.0,66313.0,5.82,17576.555555555555,66313,2.7728097402474257,0.0005303692023925631,60.0,1,0.0071770334928229484
258790,소프트캠프,kospi,2.09,090007,2.09,2200.0,2240.0,2040.0,1920.0,1888.0,1911.0,1827.0,1900.0,2010.0,2020.0,2020.0,1999.0,2135.0,380128.0,699567.0,419793.0,203846.0,222402.0,505337.0,250964.0,967552.0,185908.0,737836.0,592255.0,2.09,318897.77777777775,592255,0.8571938761288886,0.0018066792877981237,40.0,1,0.018181818181818077
263770,유에스티,kospi,2.98,090013,2.98,3980.0,3990.0,3705.0,3810.0,3720.0,3770.0,3680.0,3770.0,3625.0,3525.0,3595.0,3600.0,3820.0,227765.0,210096.0,172541.0,131461.0,102221.0,74462.0,181617.0,126343.0,163066.0,314761.0,133170.0,2.98,139339.2,133170,-0.044274690826415,0.0011425120116593322,10.0,1,0.002512562814070307
270520,지엔원에너지,kospi,3.22,090022,3.22,7690.0,7750.0,6090.0,6040.0,6120.0,6300.0,6670.0,6610.0,6650.0,7180.0,7360.0,7200.0,7190.0,11949578.0,3405113.0,5352897.0,12235565.0,6959955.0,6823137.0,15677297.0,22579602.0,5039123.0,7395899.0,2391045.0,3.22,9002945.7,2391045,-0.734415259218991,0.0005501195858623838,60.0,1,0.007802340702210753
272110,케이엔제이,kospi,3.32,090015,3.32,19050.0,20300.0,15890.0,16000.0,15790.0,15610.0,15670.0,16550.0,17300.0,17150.0,17920.0,17980.0,18750.0,140356.0,161540.0,134853.0,159835.0,94876.0,881819.0,653706.0,533892.0,267344.0,260633.0,851661.0,3.32,304697.1,851661,1.7951070095514532,0.00020362379895540845,1250.0,1,0.06561679790026242
276040,스코넥,kospi,2.03,090029,2.03,14080.0,14080.0,13820.0,13200.0,12030.0,12320.0,12000.0,12250.0,12590.0,12670.0,12780.0,13250.0,13700.0,234296.0,240087.0,497634.0,231213.0,324981.0,383171.0,196687.0,133578.0,346734.0,243411.0,135238.0,2.03,260208.1,135238,-0.4802698301859166,0.00026959272740546337,0.0,0,0.0
276730,제주맥주,kospi,2.67,090014,2.67,1540.0,1540.0,1572.0,1488.0,1379.0,1473.0,1447.0,1450.0,1491.0,1512.0,1525.0,1494.0,1501.0,309028.0,423919.0,368759.0,160428.0,193386.0,387640.0,330396.0,343587.0,281679.0,288497.0,156125.0,2.67,280032.3,156125,-0.44247502877346645,0.002959126685626414,0.0,0,0.0
277880,티에스아이,kospi,12.74,090030,12.74,12880.0,14160.0,9720.0,9510.0,9180.0,9300.0,9390.0,9710.0,9460.0,10000.0,10500.0,10510.0,12160.0,264925.0,195285.0,250747.0,171001.0,649573.0,248837.0,226881.0,1914446.0,606748.0,3181296.0,5432006.0,12.74,291795.22222222225,5432006,17.615815429161316,0.0001518709886552349,1280.0,1,0.0993788819875776
281740,레이크머티리얼즈,kospi,2.21,090025,2.21,8150.0,8420.0,6090.0,5980.0,5960.0,6240.0,6660.0,8010.0,7540.0,7760.0,7790.0,7910.0,7840.0,950595.0,1007560.0,1071071.0,2794810.0,39367488.0,8207792.0,5263277.0,14916853.0,9069389.0,9847409.0,4798585.0,2.21,4809909.666666667,4798585,-0.0023544447716239425,0.0005577308373919404,270.0,1,0.03312883435582825
282880,코윈테크,kospi,3.32,090018,3.32,32800.0,32800.0,25850.0,27250.0,26500.0,27350.0,28050.0,27450.0,27550.0,28850.0,29700.0,30500.0,30450.0,164695.0,368628.0,185913.0,765534.0,431503.0,290217.0,313498.0,702772.0,2991539.0,935896.0,525332.0,3.32,361467.77777777775,525332,0.45333009550566983,0.00012229389352384385,0.0,0,0.0
290670,대보마그네틱,kospi,3.52,090027,3.52,88000.0,88400.0,68900.0,72800.0,65000.0,66100.0,65700.0,64300.0,63900.0,70300.0,83500.0,81400.0,79500.0,569817.0,2248436.0,905592.0,425026.0,299999.0,366518.0,701884.0,4058610.0,3794503.0,1789164.0,1084979.0,3.52,1344988.5,1084979,-0.19331726628145895,2.5993202311674737e-05,400.0,1,0.00454545454545463
294140,레몬,kospi,4.78,090028,4.78,10950.0,10960.0,7960.0,7730.0,8790.0,8900.0,8100.0,7740.0,8060.0,8420.0,9040.0,9110.0,10140.0,14231668.0,15668174.0,9203952.0,3688768.0,4059793.0,8298092.0,4287060.0,8517838.0,5703883.0,13876959.0,3609461.0,4.78,7366936.8,3609461,-0.5100458850142436,0.00023884776046124187,10.0,1,0.0009132420091324533
299030,하나기술,kospi,2.79,090026,2.79,70100.0,70500.0,59500.0,59500.0,60900.0,62300.0,60800.0,59800.0,58500.0,60300.0,61500.0,61200.0,65000.0,86989.0,484855.0,190205.0,163269.0,134168.0,129632.0,116530.0,135958.0,184835.0,1026764.0,476875.0,2.79,134065.11111111112,476875,2.5570402772782046,5.653417038788231e-05,400.0,1,0.005706134094151105
304100,솔트룩스,kospi,2.50,090026,2.5,36850.0,38150.0,31500.0,32500.0,30900.0,31700.0,30850.0,33250.0,33050.0,33150.0,35000.0,34350.0,35650.0,2143774.0,2106278.0,1372105.0,1274436.0,1568596.0,3766791.0,1076270.0,2199478.0,2206366.0,2720105.0,1669579.0,2.5,1553661.4444444445,1669579,0.07460927602345513,0.00011222101111979638,1300.0,1,0.03527815468113982
305090,마이크로디지탈,kospi,4.49,090024,4.49,8380.0,8430.0,5030.0,5130.0,5620.0,5420.0,5540.0,5870.0,6310.0,6940.0,7470.0,7970.0,8160.0,169054.0,771170.0,478197.0,229448.0,192486.0,445209.0,1096823.0,672053.0,409223.0,247076.0,260035.0,4.49,447182.3,260035,-0.4185033709965712,0.00027375557607237067,50.0,1,0.005966587112171906
312610,에이에프더블류,kospi,2.43,090027,2.43,4210.0,4210.0,3700.0,3560.0,3435.0,3475.0,3550.0,4125.0,3960.0,3930.0,3930.0,3950.0,3970.0,137757.0,117536.0,135410.0,387142.0,11330460.0,1124232.0,484005.0,428338.0,292419.0,774819.0,323459.0,2.43,248322.125,323459,0.3025782539513948,0.0011175943361610582,0.0,0,0.0
317690,퀀타매트릭스,kospi,5.17,090014,5.17,5290.0,5500.0,5390.0,5210.0,5170.0,5180.0,5160.0,5200.0,5360.0,5310.0,5250.0,5030.0,5100.0,91997.0,54403.0,51926.0,215608.0,34789.0,50407.0,24245.0,29606.0,22835.0,73021.0,82495.0,5.17,40589.77777777778,82495,1.0324082691865493,0.0009005341666750542,210.0,1,0.03969754253308122
319660,피에스케이,kospi,3.37,090024,3.37,21500.0,22450.0,17900.0,17750.0,16860.0,16930.0,16710.0,17960.0,20300.0,19700.0,19960.0,20150.0,20800.0,300130.0,325030.0,567368.0,325866.0,392195.0,2535896.0,1424459.0,632548.0,675698.0,680813.0,1559455.0,3.37,404954.375,1559455,2.8509399978701304,0.0001781797886873375,950.0,1,0.04418604651162794
322310,오로스테크놀로지,kospi,2.70,090011,2.7,17700.0,18700.0,16190.0,16000.0,15790.0,16130.0,16020.0,17130.0,17000.0,16940.0,16810.0,16940.0,17530.0,87751.0,85193.0,95781.0,55749.0,113292.0,86421.0,94872.0,47197.0,69023.0,75190.0,310480.0,2.7,75280.9,310480,3.1242865056076647,0.00026024247423200316,1000.0,1,0.05649717514124286
327260,RF머트리얼즈,kospi,4.75,090013,4.75,14780.0,15300.0,13620.0,13530.0,12880.0,13050.0,12890.0,13190.0,13610.0,13900.0,13620.0,13440.0,13990.0,38027.0,35158.0,124262.0,29245.0,35878.0,88933.0,34511.0,22605.0,23145.0,85060.0,119572.0,4.75,29069.875,119572,3.113261580932151,0.00027954235454058377,520.0,1,0.03518267929634633
330860,네패스아크,kospi,2.20,090008,2.2,23250.0,24200.0,21400.0,20600.0,20650.0,20800.0,20600.0,22000.0,22100.0,21950.0,21850.0,22550.0,23050.0,55659.0,45021.0,38090.0,31205.0,62567.0,152939.0,77092.0,63277.0,92821.0,68931.0,152920.0,2.2,54309.11111111111,152920,1.8157338036179729,0.00019435021226287807,950.0,1,0.04086021505376336
340440,세림B&G,kospi,7.55,090030,7.55,2790.0,2930.0,2550.0,2465.0,2260.0,2340.0,2405.0,2400.0,2410.0,2475.0,2500.0,2410.0,2625.0,950894.0,812945.0,725517.0,2188455.0,375992.0,525693.0,590482.0,1177431.0,194376.0,2806139.0,7519382.0,7.55,595106.1111111111,7519382,11.635363441253707,0.0012862612469322068,140.0,1,0.05017921146953408
340930,유일에너테크,kospi,3.62,090015,3.62,18880.0,19130.0,17580.0,17180.0,16500.0,16780.0,16560.0,16450.0,16620.0,17100.0,17130.0,17080.0,18150.0,134977.0,104028.0,133991.0,73360.0,91865.0,112782.0,74788.0,142965.0,181938.0,577685.0,371843.0,3.62,106884.4,371843,2.4789267657394345,0.00020990674508933845,250.0,1,0.013241525423728806
348030,모비릭스,kospi,3.07,090030,3.07,11760.0,11830.0,11950.0,10800.0,11260.0,11330.0,11020.0,11550.0,11480.0,11670.0,11600.0,11330.0,11420.0,47995.0,64472.0,36330.0,18064.0,36434.0,15583.0,9157.0,15024.0,18290.0,17095.0,14079.0,3.07,27276.9,14079,-0.48384897110742064,0.0004051726412691091,70.0,1,0.005952380952380931
348150,고바이오랩,kospi,2.49,090019,2.49,13560.0,14110.0,13810.0,13000.0,12010.0,12050.0,12100.0,12470.0,13350.0,13740.0,13650.0,13160.0,13240.0,243100.0,213391.0,329948.0,132408.0,68165.0,151409.0,121992.0,181099.0,70316.0,97694.0,153469.0,2.49,152506.8,153469,0.006309226867261097,0.00030844608272091907,550.0,1,0.040560471976401224
348370,엔켐,kospi,2.43,090024,2.43,63200.0,64000.0,60000.0,58800.0,56700.0,58100.0,58700.0,57600.0,57000.0,58000.0,59400.0,60100.0,61200.0,165290.0,187786.0,196914.0,191980.0,159446.0,198412.0,112430.0,119358.0,271419.0,372932.0,276154.0,2.43,166423.5,276154,0.6593449843321406,6.815538761745772e-05,800.0,1,0.012658227848101333
351320,에스에이티이엔지,kospi,2.08,090016,2.08,4170.0,4290.0,3315.0,4425.0,4155.0,4280.0,4200.0,4175.0,4090.0,3980.0,3985.0,4015.0,4025.0,4328044.0,11706386.0,5294653.0,4689452.0,974341.0,664804.0,397398.0,652437.0,362597.0,580049.0,325598.0,2.08,1929750.111111111,325598,-0.8312745271394091,0.0012121556980897149,120.0,1,0.02877697841726623
357550,석경에이티,kospi,3.54,090011,3.54,55800.0,56500.0,36800.0,33500.0,40850.0,42200.0,42450.0,39950.0,46000.0,51200.0,52500.0,50700.0,51800.0,3385684.0,4212764.0,239285.0,268994.0,215590.0,2150260.0,3245676.0,1923062.0,315789.0,764256.0,246410.0,3.54,1600890.4,246410,-0.8460794068101102,5.777802461167483e-05,700.0,1,0.012544802867383575
360070,탑머티리얼,kospi,3.94,090024,3.94,84600.0,84800.0,51100.0,52700.0,52100.0,52600.0,50900.0,50700.0,49200.0,59400.0,67900.0,77200.0,78900.0,1114167.0,580373.0,409774.0,378259.0,301625.0,305824.0,913202.0,1152302.0,1542229.0,543922.0,295283.0,3.94,677665.5,295283,-0.5642643752706904,4.112269376382393e-06,200.0,1,0.0023640661938533203
365340,성일하이텍,kospi,3.04,090028,3.04,169700.0,169800.0,157000.0,159200.0,161400.0,170500.0,168100.0,159700.0,151100.0,158900.0,163800.0,160200.0,160100.0,421095.0,575951.0,1146368.0,1382194.0,727760.0,760494.0,425656.0,360161.0,843953.0,797628.0,504802.0,3.04,680373.2,504802,-0.2580513165421565,2.7273729128818162e-05,100.0,1,0.0005892751915144157
365590,하이딥,kospi,2.52,090014,2.52,1500.0,1542.0,938.0,938.0,985.0,992.0,985.0,1054.0,1205.0,1290.0,1342.0,1351.0,1480.0,544237.0,621126.0,1375147.0,1077865.0,7943326.0,13335411.0,28097912.0,5504474.0,10164620.0,16234620.0,4830222.0,2.52,4507520.666666667,4830222,0.071591759017263,0.0016115525788661668,42.0,1,0.028000000000000025
372170,윤성에프앤씨,kospi,3.11,090018,3.11,112900.0,114000.0,67800.0,67500.0,65000.0,69800.0,74000.0,76500.0,75700.0,95600.0,103500.0,105000.0,104600.0,170183.0,158485.0,185082.0,193624.0,455528.0,271662.0,1199128.0,904080.0,672125.0,563998.0,257117.0,3.11,431449.7,257117,-0.40406262885337507,1.314275046291928e-05,1100.0,1,0.009743135518157642
376180,피코그램,kospi,2.77,090026,2.77,8490.0,9070.0,9800.0,10210.0,9400.0,9330.0,8270.0,8500.0,8350.0,8620.0,8520.0,8100.0,8450.0,2751448.0,11356791.0,2198960.0,1242397.0,1346618.0,767603.0,833790.0,556309.0,436049.0,789084.0,2320993.0,2.77,1126847.111111111,2320993,1.0597230778818068,0.00044536444236517077,580.0,1,0.0683156654888104
377400,하이제6호스팩,kospi,2.64,090030,2.64,2135.0,2135.0,2085.0,2065.0,2060.0,2055.0,2060.0,2055.0,2080.0,2065.0,2060.0,2060.0,2070.0,4053.0,5503.0,1816.0,4559.0,12780.0,1045.0,14.0,1800.0,1944.0,1024.0,515.0,2.64,2533.777777777778,515,-0.7967461848798456,0.0022670086542977154,0.0,0,0.0
380540,옵티코어,kospi,4.41,090025,4.41,2800.0,2925.0,2215.0,2180.0,2150.0,2170.0,2135.0,2225.0,2275.0,2620.0,2675.0,2660.0,2765.0,369849.0,501364.0,404816.0,256377.0,243191.0,751207.0,5678294.0,13010996.0,1482765.0,1226306.0,2631353.0,4.41,501541.75,2631353,4.24652832989477,0.001090784933695623,125.0,1,0.044642857142857206
383310,에코프로에이치엔,kospi,2.07,090030,2.07,89000.0,90400.0,67700.0,67500.0,70500.0,71700.0,69700.0,65700.0,58800.0,62700.0,69800.0,70100.0,82600.0,260342.0,418084.0,1874439.0,1235656.0,1000553.0,660272.0,990243.0,1407167.0,526942.0,7577452.0,3176289.0,2.07,845629.8,3176289,2.7561223599262936,2.4804024821702756e-05,1400.0,1,0.01573033707865168
388790,IBKS제16호스팩,kospi,3.01,090029,3.01,2225.0,2295.0,2145.0,2065.0,1963.0,1976.0,1870.0,1904.0,1931.0,2005.0,2010.0,2020.0,2180.0,151346.0,301559.0,237242.0,90656.0,165002.0,95966.0,140060.0,122175.0,157497.0,394342.0,354574.0,3.01,129124.88888888889,354574,1.7459771934836557,0.0015778089272854615,70.0,1,0.03146067415730336
391710,코닉오토메이션,kospi,2.43,090019,2.43,4870.0,4875.0,4305.0,4250.0,4150.0,4180.0,4060.0,4330.0,4365.0,4260.0,4365.0,4630.0,4605.0,1663700.0,447213.0,281046.0,293423.0,247084.0,822828.0,379899.0,255161.0,4984360.0,3627137.0,1037801.0,2.43,341407.375,1037801,2.039773232783855,0.0008630068901934023,5.0,1,0.0010266940451746365
394280,오픈엣지테크놀로지,kospi,2.54,090025,2.54,24350.0,26300.0,21150.0,20700.0,20400.0,20800.0,21450.0,22750.0,23050.0,22450.0,23600.0,22750.0,23950.0,1699851.0,1663122.0,1267540.0,1593554.0,2496476.0,3227504.0,2346112.0,2892467.0,2464185.0,2247364.0,5932439.0,2.54,1967476.1,5932439,2.0152534000285947,0.00017773654003101403,1950.0,1,0.08008213552361387
396270,넥스트칩,kospi,2.43,090016,2.43,11400.0,11640.0,9650.0,9330.0,9020.0,9320.0,9610.0,9920.0,9450.0,10500.0,10750.0,10880.0,11120.0,371383.0,321485.0,338335.0,427287.0,593887.0,405970.0,1719275.0,1002054.0,543465.0,861668.0,621768.0,2.43,376616.5,621768,0.6509313851092557,0.00033030076331537885,240.0,1,0.021052631578947434
399720,가온칩스,kospi,3.70,090026,3.7,35200.0,37050.0,24500.0,23950.0,23000.0,23900.0,24950.0,28250.0,28750.0,32050.0,33150.0,32850.0,33850.0,351030.0,286206.0,402836.0,797013.0,2162139.0,1641229.0,9316981.0,1866358.0,3318270.0,1414656.0,2959934.0,3.7,1206547.888888889,2959934,1.4532254602225576,8.109380489441329e-05,1850.0,1,0.05255681818181812
403870,HPSP,kospi,8.90,090030,8.9,26150.0,29800.0,15575.0,15100.0,14450.0,15025.0,16000.0,16360.0,18400.0,21250.0,21600.0,22500.0,25700.0,1049732.0,791376.0,1964352.0,1939520.0,1963394.0,4611068.0,11115663.0,5292748.0,5142711.0,3451364.0,6593810.0,8.9,2531177.888888889,6593810,1.6050361884657915,2.3156865412975473e-05,3650.0,1,0.1395793499043978
419050,삼기이브이,kospi,2.73,090004,2.73,20700.0,20850.0,18750.0,17860.0,16840.0,17300.0,18040.0,18700.0,18800.0,19450.0,19620.0,19810.0,20000.0,816734.0,398420.0,420292.0,509435.0,2433979.0,724593.0,824791.0,575328.0,702785.0,1324494.0,406049.0,2.73,554708.6666666666,406049,-0.2679959330002656,0.00020689151711534187,150.0,1,0.007246376811594235
950170,JTC,kospi,2.32,090014,2.32,4190.0,4190.0,4150.0,3955.0,3850.0,3995.0,3960.0,3995.0,3985.0,4085.0,4080.0,3850.0,3960.0,54931.0,84250.0,64694.0,50853.0,27351.0,39534.0,28976.0,21027.0,15938.0,47184.0,35947.0,2.32,39151.4,35947,-0.08184637075557966,0.0011132723490125402,0.0,0,0.0
